Date,"Adjusted TOC, Downstream Strontia","Adjusted TP, Downstream Strontia","Adjusted turbidity, Downstream Strontia"
10/3/19,2.8,0.0,2.5
10/4/19,2.750443621351492,0.0009245223708494287,2.475848128448651
10/5/19,2.7029752519692924,0.0018088545887235965,2.451920910138094
10/6/19,2.6575499975073664,0.0026538897681330645,2.428216926753911
10/7/19,2.6141229636196806,0.0034605210235883945,2.404734759981684
10/8/19,2.5726492559602003,0.004229641469600148,2.3814729915069965
10/9/19,2.5330839801828917,0.004962144220678886,2.35843020301543
10/10/19,2.4953822419417206,0.0056589223913351685,2.335604976192568
10/11/19,2.4594991468906535,0.006320869096079559,2.312995892723993
10/12/19,2.425389800683655,0.006948877449422618,2.290601534295287
10/13/19,2.393009308974692,0.007543840565874908,2.2684204825920324
10/14/19,2.362312777417731,0.008106651559946988,2.2464513192998123
10/15/19,2.3332553116667363,0.00863820354614942,2.224692626104209
10/16/19,2.305792017375675,0.009139389638992768,2.203142984690805
10/17/19,2.2798780001985124,0.009611102952987588,2.181800976745183
10/18/19,2.2554683657892145,0.010054236602644448,2.160665183952925
10/19/19,2.232518219801748,0.010469683702473904,2.139734187999615
10/20/19,2.210982667890078,0.01085833736698652,2.119006570570833
10/21/19,2.1908168157081707,0.011221090710692858,2.098480913352164
10/22/19,2.1719757689099914,0.011558836848103477,2.078155798029189
10/23/19,2.1544146331495075,0.01187246889372894,2.0580298062874913
10/24/19,2.138088514080683,0.012162879962079804,2.0381015198126535
10/25/19,2.122952517357485,0.012430963167666639,2.018369520290258
10/26/19,2.10896174863388,0.012677611625,1.9988323894058864
10/27/19,2.096071313563832,0.01290371844859045,1.9794887088451227
10/28/19,2.0842363178013086,0.01311017675294855,1.9603370602935486
10/29/19,2.0734118670002752,0.013297879652584861,1.9413760254367467
10/30/19,2.0635530668146975,0.013467720262009947,1.9226041859603
10/31/19,2.0546150228985414,0.013620591695734362,1.9040201235497902
11/1/19,2.046552840905773,0.013757387068268675,1.8856224198908005
11/2/19,2.039321626490359,0.01387899949412345,1.8674096566689133
11/3/19,2.032876485306264,0.013986322087809238,1.8493804155697113
11/4/19,2.027172523007454,0.014080247963836608,1.8315332782787763
11/5/19,2.0221648452478957,0.01416167023671612,1.8138668264816915
11/6/19,2.0178085576815548,0.01423148202095833,1.7963796418640396
11/7/19,2.0140587659623965,0.014290576431073804,1.7790703061114028
11/8/19,2.010870575744388,0.014339846581573112,1.7619374009093631
11/9/19,2.008199092681494,0.014380185586966797,1.7449795079435042
11/10/19,2.005999422427681,0.014412486561765437,1.7281952088994081
11/11/19,2.004226670636915,0.014437642620479578,1.7115830854626568
11/12/19,2.0028359429631615,0.014456546877619795,1.6951417193188336
11/13/19,2.001782345060387,0.014470092447696639,1.6788696921535209
11/14/19,2.0010209825825567,0.014479172445220677,1.6627655856523005
11/15/19,2.0005069611836372,0.014484679984702474,1.6468279815007563
11/16/19,2.0001953865175937,0.014487508180652588,1.6310554613844694
11/17/19,2.0000413642383927,0.01448855014758158,1.6154466069890232
11/18/19,2.0,0.014488699,1.6
11/19/19,2.0038900496619396,0.014304102242370371,1.5840663967975068
11/20/19,2.0149566923951414,0.013784655552296297,1.5671984008265392
11/21/19,2.032294668820678,0.012981874304000001,1.5496973643700145
11/22/19,2.054998719559624,0.011947273871703704,1.5318646397108495
11/23/19,2.0821635852330522,0.01073236962962963,1.5140015791319614
11/24/19,2.1128840064620356,0.009388676952000002,1.4964095349162663
11/25/19,2.146254723867648,0.007967711213037038,1.4793898593466817
11/26/19,2.1813704780709626,0.006520987786962963,1.4632439047061243
11/27/19,2.2173260096930534,0.005100022048000002,1.448273023277511
11/28/19,2.253216059354993,0.0037563293703703707,1.4347785673437583
11/29/19,2.2881353676778553,0.002541425128296297,1.4230618891877835
11/30/19,2.321178675282714,0.001506824696000001,1.4134243410925036
12/1/19,2.3514407227906418,0.0007040434477037019,1.406167275340835
12/2/19,2.378016250822713,0.00018459675762962785,1.4015920442156948
12/3/19,2.4,0.0,1.4
12/4/19,2.4194953206761585,0.0,1.4002402332361514
12/5/19,2.439179076569469,0.0,1.4009422740524782
12/6/19,2.459006278347942,0.0,1.402078134110787
12/7/19,2.4789319366795874,0.0,1.4036198250728862
12/8/19,2.498911062232416,0.0,1.405539358600583
12/9/19,2.51889866567444,0.0,1.407808746355685
12/10/19,2.5388497576736673,0.0,1.4103999999999999
12/11/19,2.55871934889811,0.0,1.4132851311953352
12/12/19,2.578462450015778,0.0,1.4164361516034985
12/13/19,2.598034071694683,0.0,1.4198250728862973
12/14/19,2.6173892246028343,0.0,1.4234239067055392
12/15/19,2.636482919408243,0.0,1.427204664723032
12/16/19,2.65527016677892,0.0,1.4311393586005832
12/17/19,2.673705977382876,0.0,1.4352
12/18/19,2.69174536188812,0.0,1.4393586005830903
12/19/19,2.709343330962664,0.0,1.4435871720116618
12/20/19,2.7264548952745185,0.0,1.4478577259475218
12/21/19,2.7430350654916937,0.0,1.452142274052478
12/22/19,2.7590388522822007,0.0,1.4564128279883382
12/23/19,2.7744212663140493,0.0,1.4606413994169096
12/24/19,2.7891373182552504,0.0,1.4647999999999999
12/25/19,2.8031420187738143,0.0,1.468860641399417
12/26/19,2.8163903785377524,0.0,1.4727953352769678
12/27/19,2.8288374082150747,0.0,1.4765760932944605
12/28/19,2.8404381184737915,0.0,1.4801749271137026
12/29/19,2.8511475199819136,0.0,1.4835638483965015
12/30/19,2.860920623407452,0.0,1.4867148688046647
12/31/19,2.869712439418417,0.0,1.4896
1/1/20,2.8774779786828186,0.0,1.492191253644315
1/2/20,2.884172251868668,0.0,1.4944606413994168
1/3/20,2.889750269643976,0.0,1.4963801749271137
1/4/20,2.8941670426767523,0.0,1.4979218658892128
1/5/20,2.8973775816350082,0.0,1.4990577259475217
1/6/20,2.8993368971867537,0.0,1.4997597667638485
1/7/20,2.9,0.0,1.5
1/8/20,2.9,4.081244776187774e-06,1.4998767520335916
1/9/20,2.9,1.6331952979954942e-05,1.4995138080221675
1/10/20,2.9,3.676258542410726e-05,1.4989213677974313
1/11/20,2.9,6.538360292145051e-05,1.4981096311910853
1/12/20,2.9,0.00010220546628479046,1.4970887980348324
1/13/20,2.9,0.00014723863632693283,1.4958690681603752
1/14/20,2.9,0.00020049357386068347,1.4944606413994168
1/15/20,2.9,0.00026198073969884805,1.49287371758366
1/16/20,2.9,0.0003317105946542324,1.491118496544807
1/17/20,2.9,0.0004096935995396423,1.4892051781145612
1/18/20,2.9,0.0004959402151678836,1.487143962124625
1/19/20,2.9,0.0005904609023517617,1.4849450484067013
1/20/20,2.9,0.0006932661219040827,1.482618636792493
1/21/20,2.9,0.0008043663346376524,1.4801749271137026
1/22/20,2.9,0.0009237720013652764,1.4776241192020332
1/23/20,2.9,0.0010514935828997605,1.4749764128891871
1/24/20,2.9,0.0011875415400539105,1.4722420080068679
1/25/20,2.9,0.001331926333640532,1.4694311043867776
1/26/20,2.9,0.0014846584244724312,1.4665539018606193
1/27/20,2.9,0.0016457482733624133,1.4636206002600956
1/28/20,2.9,0.0018152063411232845,1.4606413994169096
1/29/20,2.9,0.0019930430885678504,1.4576264991627637
1/30/20,2.9,0.0021792689765089165,1.454586099329361
1/31/20,2.9,0.0023738944657592893,1.4515303997484041
2/1/20,2.9,0.002576930017131774,1.448469600251596
2/2/20,2.9,0.0027883860914391764,1.4454139006706388
2/3/20,2.9,0.0030082731494943025,1.4423735008372363
2/4/20,2.9,0.0032366016521099576,1.4393586005830903
2/5/20,2.9,0.003473382060098948,1.4363793997399041
2/6/20,2.9,0.0037186248342740793,1.4334460981393806
2/7/20,2.9,0.003972340435448157,1.4305688956132223
2/8/20,2.9,0.004234539324433987,1.427757991993132
2/9/20,2.9,0.004505231962044375,1.4250235871108126
2/10/20,2.9,0.004784428809092128,1.4223758807979667
2/11/20,2.9,0.00507214032639005,1.4198250728862971
2/12/20,2.9,0.005368376974750947,1.4173813632075072
2/13/20,2.9,0.005673149214987625,1.4150549515932986
2/14/20,2.9,0.005986467507912891,1.412856037875375
2/15/20,2.9,0.006308342314339549,1.410794821885439
2/16/20,2.9,0.006638784095080405,1.408881503455193
2/17/20,2.9,0.0069778033109482674,1.40712628241634
2/18/20,2.9,0.007325410422755938,1.405539358600583
2/19/20,2.9,0.007681615891316225,1.4041309318396245
2/20/20,2.9,0.008046430177441933,1.4029112019651675
2/21/20,2.9,0.008419863741945869,1.4018903688089144
2/22/20,2.9,0.008801927045640838,1.4010786322025683
2/23/20,2.9,0.009192630549339645,1.4004861919778322
2/24/20,2.9,0.009591984713855096,1.4001232479664085
2/25/20,2.9,0.01,1.4
2/26/20,2.8988769531250003,0.010631947656745612,1.407861328125
2/27/20,2.895703125,0.011662659917530132,1.4300781249999999
2/28/20,2.8907714843749996,0.013031488719866778,1.4645996093749998
2/29/20,2.884375,0.014677786001268768,1.509375
3/1/20,2.876806640625,0.016540903699249314,1.562353515625
3/2/20,2.8683593750000003,0.018560193751321633,1.621484375
3/3/20,2.859326171875,0.02067500809499894,1.684716796875
3/4/20,2.8499999999999996,0.022824698667794456,1.75
3/5/20,2.8406738281249995,0.024948617407221402,1.815283203125
3/6/20,2.831640625,0.026986116250792978,1.8785156250000004
3/7/20,2.823193359375,0.028876547136022414,1.9376464843749999
3/8/20,2.815625,0.030559262000422926,1.990625
3/9/20,2.8092285156249996,0.03197361278150772,2.035400390625
3/10/20,2.804296875,0.033058951416790015,2.069921875
3/11/20,2.8011230468749995,0.033754629843783045,2.0921386718750004
3/12/20,2.8,0.034,2.1
3/13/20,2.8,0.03387299562682216,2.099174562682216
3/14/20,2.8,0.03350437317784257,2.0967638483965017
3/15/20,2.8,0.03291271865889213,2.0928662536443148
3/16/20,2.8,0.03211661807580175,2.0875801749271137
3/17/20,2.8,0.031134657434402333,2.0810040087463557
3/18/20,2.8,0.02998542274052478,2.0732361516034983
3/19/20,2.8,0.0286875,2.064375
3/20/20,2.8,0.027259475218658895,2.0545189504373176
3/21/20,2.8,0.02571993440233236,2.0437663994169095
3/22/20,2.8,0.02408746355685131,2.0322157434402333
3/23/20,2.8,0.022380648688046647,2.0199653790087466
3/24/20,2.8,0.02061807580174927,2.0071137026239065
3/25/20,2.8,0.01881833090379009,1.9937591107871722
3/26/20,2.8,0.016999999999999998,1.98
3/27/20,2.8,0.015181669096209912,1.9659347667638485
3/28/20,2.8,0.013381924198250727,1.9516618075801748
3/29/20,2.8,0.01161935131195335,1.9372795189504373
3/30/20,2.8,0.009912536443148687,1.9228862973760934
3/31/20,2.8,0.008280065597667634,1.9085805393586006
4/1/20,2.8,0.006740524781341104,1.8944606413994167
4/2/20,2.8,0.005312499999999994,1.880625
4/3/20,2.8,0.0040145772594752105,1.8671720116618076
4/4/20,2.8,0.002865342565597666,1.8542000728862973
4/5/20,2.8,0.0018833819241982491,1.841807580174927
4/6/20,2.8,0.0010872813411078666,1.8300929300291544
4/7/20,2.8,0.0004956268221574314,1.8191545189504374
4/8/20,2.8,0.00012700437317783586,1.8090907434402335
4/9/20,2.8,0.0,1.8
4/10/20,2.8003943353300564,5.2295918367346945e-05,1.7912827988338191
4/11/20,2.8015567141662645,0.00020408163265306123,1.7823032069970848
4/12/20,2.8034561957776822,0.0004477040816326531,1.7731049562682215
4/13/20,2.8060618394333665,0.0007755102040816328,1.763731778425656
4/14/20,2.8093427044023764,0.0011798469387755103,1.7542274052478133
4/15/20,2.8132678499537684,0.001653061224489796,1.7446355685131196
4/16/20,2.8178063353566007,0.0021875,1.7349999999999999
4/17/20,2.822927219879931,0.002775510204081633,1.7253644314868808
4/18/20,2.828599562792817,0.0034094387755102045,1.7157725947521867
4/19/20,2.8347924233643162,0.004081632653061225,1.706268221574344
4/20/20,2.8414748608634866,0.004784438775510204,1.6968950437317785
4/21/20,2.848615934559386,0.005510204081632654,1.6876967930029156
4/22/20,2.8561847037210724,0.006251275510204083,1.6787172011661808
4/23/20,2.8641502276176025,0.007000000000000001,1.6700000000000002
4/24/20,2.8724815655180347,0.0077487244897959185,1.661588921282799
4/25/20,2.881147776691426,0.008489795918367349,1.6535276967930028
4/26/20,2.890117920406836,0.009215561224489795,1.645860058309038
4/27/20,2.8993610559333205,0.009918367346938777,1.6386297376093295
4/28/20,2.908846242539938,0.010590561224489797,1.6318804664723032
4/29/20,2.918542539495746,0.011224489795918368,1.625655976676385
4/30/20,2.9284190060698023,0.0118125,1.62
5/1/20,2.938444701531165,0.012346938775510205,1.6149562682215743
5/2/20,2.9485886851488914,0.012820153061224492,1.6105685131195335
5/3/20,2.958820016192039,0.013224489795918372,1.6068804664723033
5/4/20,2.9691077539296664,0.013552295918367353,1.6039358600583091
5/5/20,2.9794209576308304,0.013795918367346945,1.6017784256559766
5/6/20,2.989728686564589,0.013947704081632654,1.6004518950437319
5/7/20,3.0,0.014,1.6
5/8/20,3.011333811735347,0.014,1.604302978515625
5/9/20,3.0247431892545524,0.014,1.616845703125
5/10/20,3.040068422355131,0.014,1.637078857421875
5/11/20,3.057149800834598,0.014,1.664453125
5/12/20,3.0758276144904686,0.014,1.698419189453125
5/13/20,3.095942153120258,0.014,1.738427734375
5/14/20,3.1173337065214817,0.014,1.783929443359375
5/15/20,3.139842564491654,0.014,1.834375
5/16/20,3.163309016828291,0.014,1.889215087890625
5/17/20,3.187573353328907,0.014,1.947900390625
5/18/20,3.2124758637910187,0.014,2.009881591796875
5/19/20,3.23785683801214,0.014,2.074609375
5/20/20,3.2635565657897856,0.014,2.141534423828125
5/21/20,3.289415336921472,0.014,2.210107421875
5/22/20,3.3152734412047136,0.014,2.279779052734375
5/23/20,3.340971168437026,0.014,2.35
5/24/20,3.366348808415924,0.014,2.420220947265625
5/25/20,3.391246650938923,0.014,2.489892578125
5/26/20,3.415504985803538,0.014,2.558465576171875
5/27/20,3.438964102807284,0.014,2.625390625
5/28/20,3.4614642917476766,0.014,2.690118408203125
5/29/20,3.482845842422231,0.014,2.752099609375
5/30/20,3.502949044628462,0.014,2.810784912109375
5/31/20,3.521614188163885,0.014,2.8656249999999996
6/1/20,3.538681562826015,0.014,2.9160705566406246
6/2/20,3.5539914584123675,0.014,2.9615722656249996
6/3/20,3.567384164720457,0.014,3.0015808105468746
6/4/20,3.5786999715478,0.014,3.0355468749999996
6/5/20,3.5877791686919105,0.014,3.0629211425781246
6/6/20,3.594462045950304,0.014,3.0831542968749996
6/7/20,3.5985888931204952,0.014,3.0956970214843746
6/8/20,3.6,0.014,3.1
6/9/20,3.598151280503872,0.014004929918656343,3.098979536402867
6/10/20,3.592707120332515,0.014019447679113294,3.095965005707841
6/11/20,3.5838205169614703,0.014043145288102746,3.091026698059482
6/12/20,3.57164446786628,0.014075614752356585,3.0842349036023515
6/13/20,3.5563319705224865,0.014116448078606703,3.0756599124810093
6/14/20,3.53803602240563,0.014165237273584985,3.0653720148400163
6/15/20,3.5169096209912536,0.014221574344023323,3.053441500823932
6/16/20,3.493105763754898,0.014285051296653606,3.039938660577318
6/17/20,3.4667774481721056,0.01435526013820772,3.024933784244734
6/18/20,3.4380776717184167,0.014431792875417555,3.0084971619707406
6/19/20,3.407159431869374,0.014514241515015004,2.9906990838998984
6/20/20,3.37417572610052,0.014602198063731949,2.9716098401767677
6/21/20,3.339279551887394,0.014695254528300283,2.951299720945909
6/22/20,3.3026239067055396,0.014793002915451896,2.9298390163518824
6/23/20,3.2643617880304974,0.014895035231918674,2.9072980165392486
6/24/20,3.22464619333781,0.015000943484432505,2.8837470116525683
6/25/20,3.183630120103018,0.015110319679725285,2.859256291836402
6/26/20,3.1414665658016645,0.015222755824528894,2.83389614723531
6/27/20,3.0983085279092895,0.015337843925575228,2.8077368679938517
6/28/20,3.0543090039014356,0.01545517598959617,2.7808487442565895
6/29/20,3.0096209912536445,0.015574344023323614,2.7533020661680823
6/30/20,2.9643974874414574,0.01569494003348945,2.725167123872891
7/1/20,2.918791489940416,0.015816556026825555,2.696514207515576
7/2/20,2.8729559962260622,0.015938784010063833,2.667413607240698
7/3/20,2.827044003773938,0.016061215989936168,2.637935613192817
7/4/20,2.7812085100595842,0.01618344397317444,2.6081505155164937
7/5/20,2.735602512558543,0.016305059966510552,2.578128604356289
7/6/20,2.6903790087463557,0.016425655976676383,2.5479401698567625
7/7/20,2.6456909960985646,0.016544824010403827,2.517655502162475
7/8/20,2.6016914720907107,0.016662156074424773,2.487344891417987
7/9/20,2.5585334341983357,0.0167772441754711,2.457078627767859
7/10/20,2.516369879896982,0.016889680320274717,2.4269270013566517
7/11/20,2.47535380666219,0.01699905651556749,2.3969603023289245
7/12/20,2.4356382119695024,0.017104964768081328,2.3672488208292393
7/13/20,2.397376093294461,0.017206997084548103,2.337862847002155
7/14/20,2.3607204481126063,0.017304745471699717,2.308872670992233
7/15/20,2.3258242738994808,0.017397801936268047,2.2803485829440335
7/16/20,2.292840568130626,0.017485758484984997,2.252360873002117
7/17/20,2.2619223282815835,0.017568207124582444,2.2249798313110443
7/18/20,2.233222551827895,0.01764473986179228,2.198275748015375
7/19/20,2.2068942362451023,0.017714948703346393,2.1723189132596703
7/20/20,2.1830903790087466,0.017778425655976673,2.14717961718849
7/21/20,2.16196397759437,0.017834762726415015,2.1229281499463957
7/22/20,2.1436680294775137,0.017883551921393296,2.0996348016779462
7/23/20,2.12835553213372,0.01792438524764341,2.077369862527703
7/24/20,2.11617948303853,0.017956854711897254,2.0562036226402265
7/25/20,2.1072928796674852,0.017980552320886703,2.036206372160077
7/26/20,2.101848719496128,0.017995070081343656,2.017448401231815
7/27/20,2.1,0.018,2.0
7/28/20,2.106667934445507,0.017985422740524778,1.9826245404994296
7/29/20,2.125561980872579,0.017944606413994167,1.964279376346812
7/30/20,2.1550175039170414,0.01788192419825073,1.9453257700595765
7/31/20,2.1933698682147194,0.017801749271137025,1.9261249841551529
8/1/20,2.2389544384014384,0.017708454810495627,1.9070382811509698
8/2/20,2.290106579113025,0.017606413994169096,1.8884269235644568
8/3/20,2.3451616549853043,0.0175,1.8706521739130435
8/4/20,2.4024550306541017,0.017393586005830904,1.854075294714159
8/5/20,2.4603220707552427,0.017291545189504376,1.8390575484852325
8/6/20,2.5170981399245527,0.017198250728862975,1.825960197743694
8/7/20,2.571118602797858,0.01711807580174927,1.8151445050069719
8/8/20,2.6207188240109844,0.017055393586005833,1.806971732792496
8/9/20,2.6642341681997563,0.01701457725947522,1.8018031436176956
8/10/20,2.7,0.017,1.8
8/11/20,2.7313226760787472,0.017029333333333334,1.8013037037037039
8/12/20,2.7625833802118214,0.017114666666666667,1.8050962962962964
8/13/20,2.793729717698239,0.017252,1.8112000000000001
8/14/20,2.824709293837017,0.017437333333333336,1.8194370370370372
8/15/20,2.85546971392717,0.017666666666666667,1.8296296296296297
8/16/20,2.885958583267715,0.017936000000000004,1.8416000000000001
8/17/20,2.916123507157668,0.018241333333333335,1.8551703703703706
8/18/20,2.9459120908960448,0.018578666666666667,1.870162962962963
8/19/20,2.9752719397818614,0.018944,1.8864
8/20/20,3.004150659114134,0.019333333333333334,1.9037037037037037
8/21/20,3.032495854191878,0.019742666666666665,1.9218962962962962
8/22/20,3.0602551303141103,0.020168,1.9408
8/23/20,3.087376092779847,0.020605333333333333,1.9602370370370368
8/24/20,3.1138063468881025,0.021050666666666665,1.98002962962963
8/25/20,3.1394934979378952,0.021500000000000002,2.0
8/26/20,3.1643851512282395,0.021949333333333335,2.01997037037037
8/27/20,3.188428912058152,0.022394666666666667,2.0397629629629628
8/28/20,3.2115723857266487,0.022832,2.0592
8/29/20,3.2337631775327447,0.02325733333333333,2.078103703703704
8/30/20,3.2549488927754577,0.023666666666666666,2.0962962962962965
8/31/20,3.2750771367538025,0.024055999999999998,2.1136000000000004
9/1/20,3.2940955147667954,0.02442133333333333,2.129837037037037
9/2/20,3.311951632113453,0.024758666666666665,2.14482962962963
9/3/20,3.328593094092791,0.025063999999999993,2.1584000000000003
9/4/20,3.3439675060038248,0.025333333333333333,2.1703703703703705
9/5/20,3.3580224731455712,0.025562666666666664,2.180562962962963
9/6/20,3.3707056008170455,0.025748,2.1888
9/7/20,3.3819644943172644,0.02588533333333333,2.194903703703704
9/8/20,3.391746758945244,0.02597066666666666,2.198696296296297
9/9/20,3.4,0.026,2.2
9/10/20,3.407420004190613,0.025992142153283167,2.2
9/11/20,3.4147359913793105,0.02596883104216768,2.2
9/12/20,3.4219457165948275,0.02593046031020603,2.2
9/13/20,3.4290469348659003,0.02587742360095073,2.2
9/14/20,3.4360374012212644,0.025810114557954282,2.2
9/15/20,3.442914870689655,0.025728926824769183,2.2
9/16/20,3.4496770982998086,0.025634254044947943,2.2
9/17/20,3.4563218390804598,0.02552648986204306,2.2
9/18/20,3.462846848060345,0.025406027919607044,2.2
9/19/20,3.4692498802681992,0.025273261861192393,2.2
9/20/20,3.4755286907327587,0.02512858533035161,2.2
9/21/20,3.4816810344827585,0.024972391970637203,2.2
9/22/20,3.4877046665469353,0.024805075425601668,2.2
9/23/20,3.4935973419540227,0.024627029338797516,2.2
9/24/20,3.499356815732759,0.024438647353777244,2.2
9/25/20,3.504980842911877,0.024240323114093357,2.2
9/26/20,3.510467178520115,0.02403245026329836,2.2
9/27/20,3.5158135775862065,0.023815422444944754,2.2
9/28/20,3.521017795138889,0.023589633302585046,2.2
9/29/20,3.5260775862068963,0.023355476479771736,2.2
9/30/20,3.5309907058189656,0.023113345620057322,2.2
10/1/20,3.535754909003831,0.02286363436699432,2.2
10/2/20,3.54036795079023,0.022606736364135224,2.2
10/3/20,3.544827586206897,0.02234304525503254,2.2
10/4/20,3.549131570282567,0.022072954683238773,2.2
10/5/20,3.553277658045977,0.021796858292306417,2.2
10/6/20,3.557263604525862,0.02151514972578799,2.2
10/7/20,3.5610871647509583,0.021228222627235983,2.2
10/8/20,3.56474609375,0.020936470640202903,2.2
10/9/20,3.568238146551724,0.02064028740824126,2.2
10/10/20,3.5715610781848657,0.020340066574903545,2.2
10/11/20,3.5747126436781613,0.02003620178374227,2.2
10/12/20,3.577690598060345,0.019729086678309936,2.2
10/13/20,3.5804926963601535,0.019419114902159043,2.2
10/14/20,3.5831166936063217,0.019106680098842102,2.2
10/15/20,3.5855603448275866,0.01879217591191161,2.2
10/16/20,3.587821405052682,0.018475995984920068,2.2
10/17/20,3.589897629310345,0.018158533961419986,2.2
10/18/20,3.5917867726293107,0.017840183484963863,2.2
10/19/20,3.5934865900383146,0.017521338199104203,2.2
10/20/20,3.5949948365660918,0.017202391747393513,2.2
10/21/20,3.5963092672413794,0.01688373777338429,2.2
10/22/20,3.597427637092912,0.01656576992062904,2.2
10/23/20,3.5983477011494256,0.016248881832680265,2.2
10/24/20,3.599067214439655,0.01593346715309047,2.2
10/25/20,3.5995839319923375,0.015619919525412161,2.2
10/26/20,3.599895608836207,0.015308632593197834,2.2
10/27/20,3.6,0.015,2.2
10/28/20,3.5959291675147567,0.014672465085772291,2.2002544270303277
10/29/20,3.5840423366578467,0.014306198999260354,2.200997353958885
10/30/20,3.5648280073274985,0.013904187097204696,2.2021982495420316
10/31/20,3.538774679421942,0.01346941473634582,2.203826582536129
11/1/20,3.5063708528394057,0.013004867273424238,2.205851821697537
11/2/20,3.4681050274781193,0.012513530065180453,2.2082434357826175
11/3/20,3.424465703236312,0.011998388468354977,2.210970893547731
11/4/20,3.3759413800122124,0.011462427839688313,2.214003663749237
11/5/20,3.3230205577040506,0.01090863353592097,2.217311215143497
11/6/20,3.266191736210055,0.010339990913793453,2.220863016486872
11/7/20,3.2059434154284556,0.009759485330046272,2.2246285365357217
11/8/20,3.1427640952574802,0.009170102141419932,2.2285772440464076
11/9/20,3.0771422755953592,0.008574826704654941,2.23267860777529
11/10/20,3.0095664563403215,0.007976644376491808,2.23690209647873
11/11/20,2.9405251373905963,0.007378540513671038,2.2412171789130877
11/12/20,2.870506818644413,0.00678350047293314,2.2455933238347243
11/13/20,2.8000000000000003,0.006194509611018617,2.25
11/14/20,2.7294931813555876,0.005614553284667981,2.2544066761652757
11/15/20,2.659474862609404,0.005046616850621735,2.2587828210869123
11/16/20,2.5904335436596786,0.004493685665620391,2.2630979035212704
11/17/20,2.522857724404641,0.0039587450864044535,2.26732139222471
11/18/20,2.4572359047425203,0.0034447804697144277,2.2714227559535924
11/19/20,2.394056584571545,0.0029547771722908235,2.2753714634642783
11/20/20,2.3338082637899453,0.002491720550874147,2.2791369835131285
11/21/20,2.27697944229595,0.0020585959622049068,2.2826887848565027
11/22/20,2.2240586199877876,0.001658388763023608,2.285996336250763
11/23/20,2.175534296763688,0.0012940843100707582,2.2890291064522694
11/24/20,2.1318949725218808,0.0009686679600868654,2.291756564217382
11/25/20,2.093629147160595,0.000685125069812437,2.2941481783024624
11/26/20,2.0612253205780586,0.00044644099598797893,2.296173417463871
11/27/20,2.035171992672502,0.00025560109535400014,2.2978017504579684
11/28/20,2.015957663342154,0.00011559072465100809,2.2990026460411155
11/29/20,2.0040708324852434,2.9395240619504992e-05,2.299745572969672
11/30/20,2.0,0.0,2.3
12/1/20,2.0011230468749996,0.0,2.28876953125
12/2/20,2.004296875,0.0,2.25703125
12/3/20,2.0092285156250003,0.0,2.20771484375
12/4/20,2.015625,0.0,2.14375
12/5/20,2.023193359375,0.0,2.06806640625
12/6/20,2.0316406249999996,0.0,1.9835937499999998
12/7/20,2.040673828125,0.0,1.89326171875
12/8/20,2.0500000000000003,0.0,1.8
12/9/20,2.0593261718750004,0.0,1.7067382812500003
12/10/20,2.068359375,0.0,1.6164062500000003
12/11/20,2.076806640625,0.0,1.5319335937500003
12/12/20,2.084375,0.0,1.45625
12/13/20,2.0907714843750003,0.0,1.3922851562500003
12/14/20,2.095703125,0.0,1.3429687500000005
12/15/20,2.098876953125,0.0,1.3112304687500003
12/16/20,2.1,0.0,1.3
12/17/20,2.099476597097407,0.0,1.3065867616888025
12/18/20,2.0979657174962245,0.0,1.3254832091566786
12/19/20,2.095556354856344,0.0,1.355393586005831
12/20/20,2.0923375028376614,0.0,1.3950221358384622
12/21/20,2.088398155100069,0.0,1.4430731022567758
12/22/20,2.0838273053034606,0.0,1.4982507288629738
12/23/20,2.078713947107729,0.0,1.5592592592592593
12/24/20,2.0731470741727693,0.0,1.624802937047835
12/25/20,2.0672156801584736,0.0,1.6935860058309038
12/26/20,2.0610087587247365,0.0,1.7643127092106683
12/27/20,2.0546153035314503,0.0,1.8356872907893318
12/28/20,2.0481243082385094,0.0,1.9064139941690963
12/29/20,2.041624766505807,0.0,1.9751970629521647
12/30/20,2.0352056719932365,0.0,2.0407407407407403
12/31/20,2.028956018360692,0.0,2.1017492711370265
1/1/21,2.022964799268067,0.0,2.1569268977432245
1/2/21,2.0173210083752537,0.0,2.2049778641615374
1/3/21,2.0121136393421475,0.0,2.244606413994169
1/4/21,2.0074316858286405,0.0,2.274516790843321
1/5/21,2.0033641414946266,0.0,2.293413238311197
1/6/21,2.0,0.0,2.3
1/7/21,1.9970169423890212,0.0,2.2990527999999997
1/8/21,1.9940349481585211,0.0,2.2962624
1/9/21,1.9910564586472483,0.0,2.2917056
1/10/21,1.9880839151939504,0.0,2.2854592
1/11/21,1.985119759137376,0.0,2.2775999999999996
1/12/21,1.9821664318162722,0.0,2.2682048
1/13/21,1.979226374569388,0.0,2.2573504
1/14/21,1.9763020287354713,0.0,2.2451136
1/15/21,1.97339583565327,0.0,2.2315712
1/16/21,1.9705102366615321,0.0,2.2167999999999997
1/17/21,1.9676476730990058,0.0,2.2008768
1/18/21,1.9648105863044392,0.0,2.1838783999999998
1/19/21,1.96200141761658,0.0,2.1658816
1/20/21,1.959222608374177,0.0,2.1469632
1/21/21,1.956476599915978,0.0,2.1272
1/22/21,1.9537658335807309,0.0,2.1066688
1/23/21,1.9510927507071838,0.0,2.0854464
1/24/21,1.9484597926340848,0.0,2.0636096
1/25/21,1.945869400700182,0.0,2.0412352
1/26/21,1.9433240162442236,0.0,2.0183999999999997
1/27/21,1.9408260806049573,0.0,1.9951808
1/28/21,1.9383780351211315,0.0,1.9716544
1/29/21,1.9359823211314942,0.0,1.9478976
1/30/21,1.9336413799747934,0.0,1.9239872
1/31/21,1.9313576529897774,0.0,1.9
2/1/21,1.929133581515194,0.0,1.8760128
2/2/21,1.9269716068897913,0.0,1.8521024
2/3/21,1.9248741704523176,0.0,1.8283456
2/4/21,1.9228437135415208,0.0,1.8048192
2/5/21,1.9208826774961492,0.0,1.7815999999999999
2/6/21,1.9189935036549501,0.0,1.7587647999999998
2/7/21,1.9171786333566725,0.0,1.7363904
2/8/21,1.9154405079400643,0.0,1.7145536
2/9/21,1.9137815687438733,0.0,1.6933312
2/10/21,1.9122042571068476,0.0,1.6728
2/11/21,1.9107110143677353,0.0,1.6530368
2/12/21,1.909304281865285,0.0,1.6341184
2/13/21,1.9079865009382437,0.0,1.6161216
2/14/21,1.9067601129253604,0.0,1.5991232000000002
2/15/21,1.9056275591653828,0.0,1.5832
2/16/21,1.904591280997059,0.0,1.5684288000000002
2/17/21,1.9036537197591372,0.0,1.5548864
2/18/21,1.9028173167903653,0.0,1.5426496
2/19/21,1.9020845134294917,0.0,1.5317952000000001
2/20/21,1.901457751015264,0.0,1.5224000000000002
2/21/21,1.9009394708864304,0.0,1.5145408
2/22/21,1.9005321143817393,0.0,1.5082944
2/23/21,1.9002381228399385,0.0,1.5037376000000002
2/24/21,1.900059937599776,0.0,1.5009472
2/25/21,1.9,0.0,1.5
2/26/21,1.901069077197595,0.0,1.5033816909239808
2/27/21,1.9041171883832924,0.0,1.512991249364261
2/28/21,1.90890565294646,0.0,1.528025403823347
3/1/21,1.9151957902764665,0.0,1.5476808828037458
3/2/21,1.9227489197626793,0.0,1.5711544148079637
3/3/21,1.9313263607944673,0.0,1.5976427283385075
3/4/21,1.9406894327611979,0.0,1.6263425518978842
3/5/21,1.9505994550522399,0.0,1.6564506139886
3/6/21,1.9608177470569608,0.0,1.6871636431131616
3/7/21,1.9711056281647295,0.0,1.717678367774076
3/8/21,1.9812244177649132,0.0,1.7471915164738492
3/9/21,1.9909354352468807,0.0,1.7748998177149884
3/10/21,2.0,0.0,1.8
3/11/21,2.0084922267721894,5.695245887022157e-05,1.823089434764415
3/12/21,2.016677863232626,0.00022256148863022274,1.845366714971573
3/13/21,2.0246056781525685,0.0004889545690040082,1.866930401415693
3/14/21,2.0323244403032756,0.0008482591797155824,1.8878790548909952
3/15/21,2.039882918456006,0.0012926028004889504,1.908311236191699
3/16/21,2.0473298813820167,0.0018141129110481168,1.9283255061120237
3/17/21,2.054714097852567,0.0024049169911170855,1.948020425446189
3/18/21,2.0620843366389154,0.0030571425204198623,1.967494554988415
3/19/21,2.06948936651232,0.0037629169786804516,1.9868464555329208
3/20/21,2.076977956244038,0.004514367845622857,2.0061746878739264
3/21/21,2.0845988746053297,0.0053036226009710846,2.025577812805651
3/22/21,2.0924008903674514,0.00612280872444914,2.0451543911223142
3/23/21,2.100432772301663,0.006964053695781024,2.0650029836181356
3/24/21,2.1087432891792224,0.007819484994690745,2.0852221510873354
3/25/21,2.1173812097713878,0.008681230100902305,2.1059104543241323
3/26/21,2.1263953028494176,0.00954141649413971,2.1271664541227455
3/27/21,2.13583433718457,0.010392171654126967,2.1490887112773973
3/28/21,2.145747081548103,0.011225623060588075,2.171775786582304
3/29/21,2.156182304711276,0.012033898193247045,2.1953262408316867
3/30/21,2.167188775445346,0.012809124531827877,2.219838634819765
3/31/21,2.178815262521573,0.013543429556054577,2.2454115293407586
4/1/21,2.1911105347112136,0.01422894074565115,2.2721434851888866
4/2/21,2.204123360785527,0.014857785580341603,2.300133063158369
4/3/21,2.2179025095157714,0.015422091539849938,2.3294788240434254
4/4/21,2.2324967496732055,0.015913986103900157,2.360279328638275
4/5/21,2.2479548500290862,0.01632559675221627,2.3926331377371377
4/6/21,2.264325579354674,0.016649050964522273,2.4266388121342333
4/7/21,2.2816577064212256,0.016876476220542183,2.4623949126237807
4/8/21,2.3,0.017,2.5
4/9/21,2.327927604084472,0.017067949740090394,2.5457928950358464
4/10/21,2.3730299048343264,0.01713387310301331,2.605242196900623
4/11/21,2.433877034270133,0.017197727906000663,2.677141133983076
4/12/21,2.5090391244124635,0.01725947196628436,2.760282934671948
4/13/21,2.5970863072818897,0.01731906310109632,2.8534608273559847
4/14/21,2.696588714898981,0.017376459127668453,2.95546804042393
4/15/21,2.8061164792843094,0.017431617863232666,3.0650978022645288
4/16/21,2.9242397324584455,0.017484497125020884,3.1811433412665244
4/17/21,3.0495286064419607,0.017535054730265006,3.3023978858186624
4/18/21,3.1805532332554263,0.01758324849619695,3.4276546643096863
4/19/21,3.3158837449194123,0.01762903624004863,3.5557069051283405
4/20/21,3.4540902734544905,0.01767237577905196,3.6853478366633707
4/21/21,3.5937429508812313,0.017713224930438847,3.8153706873035196
4/22/21,3.733411909220207,0.017751541511441205,3.944568685437532
4/23/21,3.8716672804919874,0.017787283339290947,4.071735059454153
4/24/21,4.007079196717144,0.017820408231219994,4.195663037742127
4/25/21,4.138217789916248,0.01785087400446024,4.315145848690197
4/26/21,4.263653192109869,0.017878638476243613,4.428976720687109
4/27/21,4.38195553531858,0.01790365946380202,4.535948882121607
4/28/21,4.491694951562951,0.01792589478436737,4.634855561382434
4/29/21,4.591441572863554,0.017945302255171585,4.724489986858336
4/30/21,4.6797655312409585,0.017961839693446568,4.803645386938058
5/1/21,4.755236958715735,0.017975464916424235,4.8711149900103425
5/2/21,4.816425987308458,0.0179861357413365,4.925692024463935
5/3/21,4.861902749039695,0.017993809985415273,4.966169718687578
5/4/21,4.890237375930019,0.017998445465892472,4.991341301070019
5/5/21,4.9,0.018,5.0
5/6/21,4.8997482605778035,0.017990528,5.0
5/7/21,4.898997265937513,0.017962623999999996,5.0
5/8/21,4.897753351518585,0.017917055999999997,5.0
5/9/21,4.89602285276047,0.017854592,5.0
5/10/21,4.8938121051026195,0.017775999999999997,5.0
5/11/21,4.891127443984488,0.017682048,5.0
5/12/21,4.887975204845527,0.017573504,5.0
5/13/21,4.884361723125191,0.017451136,5.0
5/14/21,4.880293334262932,0.017315712,5.0
5/15/21,4.875776373698201,0.017168,5.0
5/16/21,4.870817176870452,0.017008768,5.0
5/17/21,4.8654220792191385,0.016838784,5.0
5/18/21,4.859597416183712,0.016658816,5.0
5/19/21,4.853349523203626,0.016469631999999998,5.0
5/20/21,4.846684735718332,0.016272,5.0
5/21/21,4.8396093891672844,0.016066688,5.0
5/22/21,4.832129818989935,0.015854464,5.0
5/23/21,4.824252360625736,0.015636096,5.0
5/24/21,4.81598334951414,0.015412351999999999,5.0
5/25/21,4.807329121094602,0.015184,5.0
5/26/21,4.798296010806571,0.014951808,5.0
5/27/21,4.788890354089504,0.014716544,5.0
5/28/21,4.779118486382849,0.014478976000000001,5.0
5/29/21,4.768986743126063,0.014239872,5.0
5/30/21,4.7585014597585955,0.013999999999999999,5.0
5/31/21,4.747668971719901,0.013760128,5.0
6/1/21,4.7364956144494315,0.013521024,5.0
6/2/21,4.724987723386641,0.013283456,5.0
6/3/21,4.71315163397098,0.013048192,5.0
6/4/21,4.700993681641902,0.012816000000000001,5.0
6/5/21,4.688520201838861,0.012587648,5.0
6/6/21,4.6757375300013075,0.012363904000000002,5.0
6/7/21,4.662652001568697,0.012145536000000002,5.0
6/8/21,4.649269951980479,0.011933312000000001,5.0
6/9/21,4.635597716676108,0.011728,5.0
6/10/21,4.621641631095038,0.011530368000000001,5.0
6/11/21,4.6074080306767184,0.011341184,5.0
6/12/21,4.592903250860604,0.011161216000000002,5.0
6/13/21,4.578133627086148,0.010991232000000002,5.0
6/14/21,4.563105494792802,0.010832000000000003,5.0
6/15/21,4.547825189420018,0.010684288,5.0
6/16/21,4.5322990464072515,0.010548864000000003,5.0
6/17/21,4.516533401193952,0.010426496000000002,5.0
6/18/21,4.500534589219574,0.010317952000000002,5.0
6/19/21,4.484308945923569,0.010224000000000002,5.0
6/20/21,4.4678628067453925,0.010145408000000003,5.0
6/21/21,4.451202507124494,0.010082944000000003,5.0
6/22/21,4.434334382500327,0.010037376000000004,5.0
6/23/21,4.417264768312345,0.010009472000000004,5.0
6/24/21,4.4,0.01,5.0
6/25/21,4.3793572915795425,0.010021593343907394,4.992712246431255
6/26/21,4.352442046529656,0.010084592481286696,4.97145003756574
6/27/21,4.319692884483443,0.010186326070623591,4.9371149511645385
6/28/21,4.281548425074008,0.010324122770403763,4.890608564988731
6/29/21,4.238447287934455,0.010495311239112891,4.832832456799399
6/30/21,4.190828092697888,0.010697220135236664,4.7646882043576255
7/1/21,4.1391294589974095,0.010927178117260761,4.687077385424494
7/2/21,4.083790006466124,0.011182513843670867,4.600901577761082
7/3/21,4.025248354737135,0.011460555972952667,4.507062359128474
7/4/21,3.963943123443546,0.01175863316359184,4.406461307287754
7/5/21,3.9003129322184624,0.012074074074074074,4.3
7/6/21,3.834796400694985,0.012404207362885049,4.188580015026296
7/7/21,3.76783214850622,0.01274636168851045,4.073102930127723
7/8/21,3.699858795285269,0.013097865709435956,3.954470323065364
7/9/21,3.6313149606652377,0.013456048084147255,3.8335837716003005
7/10/21,3.5626392642792286,0.013818237471130031,3.7113448534936135
7/11/21,3.494270325760345,0.014181762528869967,3.588655146506386
7/12/21,3.4266467647416925,0.01454395191585274,3.466416228399699
7/13/21,3.3602072008563733,0.01490213429056404,3.3455296769346354
7/14/21,3.295390253737491,0.015253638311489551,3.226897069872276
7/15/21,3.232634543018149,0.015595792637114952,3.1114199849737036
7/16/21,3.1723786883314533,0.015925925925925927,2.9999999999999996
7/17/21,3.115061309310505,0.016241366836408155,2.893538692712246
7/18/21,3.061121025588409,0.01653944402704733,2.792937640871525
7/19/21,3.010996456798269,0.01681748615632913,2.6990984222389174
7/20/21,2.9651262225731885,0.01707282188273923,2.6129226145755062
7/21/21,2.9239489425462706,0.01730277986476333,2.535311795642374
7/22/21,2.88790323635062,0.017504688760887104,2.467167543200601
7/23/21,2.8574277236193404,0.017675877229596237,2.409391435011269
7/24/21,2.832961023985534,0.017813673929376404,2.3628850488354614
7/25/21,2.8149417570823068,0.017915407518713303,2.328549962434259
7/26/21,2.8038085425427606,0.017978406656092606,2.307287753568745
7/27/21,2.8,0.018,2.3
7/28/21,2.8006010518407214,0.017981036641265154,2.3048084147257697
7/29/21,2.8023290758827946,0.017925790904150616,2.3186326070623586
7/30/21,2.8050713749060856,0.01783672929729137,2.340570999248685
7/31/21,2.808715251690458,0.017716318329322397,2.369722013523666
8/1/21,2.8131480090157774,0.01756702450887868,2.4051840721262208
8/2/21,2.8182569496619085,0.017391314344595208,2.4460555972952664
8/3/21,2.8239293764087154,0.01719165434510696,2.491435011269722
8/4/21,2.830052592036063,0.016970511019048926,2.540420736288505
8/5/21,2.8365138993238164,0.016730350875056088,2.5921111945905335
8/6/21,2.8432006010518402,0.01647364042176343,2.6456048084147255
8/7/21,2.85,0.01620284616780594,2.6999999999999997
8/8/21,2.856799398948159,0.015920434621818597,2.754395191585274
8/9/21,2.8634861006761834,0.01562887229243639,2.807888805409467
8/10/21,2.869947407963937,0.015330625688294299,2.8595792637114954
8/11/21,2.8760706235912847,0.015028161318027315,2.9085649887302782
8/12/21,2.8817430503380916,0.014723945690270416,2.9539444027047335
8/13/21,2.8868519909842223,0.01442044531365859,2.994815927873779
8/14/21,2.8912847483095416,0.01412012669682682,3.0302779864763334
8/15/21,2.894928625093914,0.013825456348410092,3.059429000751315
8/16/21,2.8976709241172047,0.013538900777043391,3.081367392937641
8/17/21,2.899398948159279,0.013262926491361699,3.0951915852742298
8/18/21,2.9,0.013,3.1
8/19/21,2.8992013281849394,0.012735403343465852,3.099135468763753
8/20/21,2.896855622775353,0.012453529378911022,3.0965830050483567
8/21/21,2.893038348824632,0.012155510839936809,3.092404303843832
8/22/21,2.8878249713861672,0.011842480460144515,3.0866610601401976
8/23/21,2.881290955513351,0.011515570973135436,3.079414968927473
8/24/21,2.8735117662595746,0.011175915112510875,3.070727725195677
8/25/21,2.8645628686782296,0.010824645611872134,3.06066102393483
8/26/21,2.8545197278227077,0.010462895204820508,3.049276560134951
8/27/21,2.8434578087463995,0.010091796624957301,3.0366360287860603
8/28/21,2.8314525765026977,0.009712482605883813,3.022801124878176
8/29/21,2.8185794961449937,0.009326085881201342,3.0078335434013175
8/30/21,2.804914032726678,0.008933739184511194,2.991794979345505
8/31/21,2.790531651301143,0.008536575249414658,2.974747127700758
9/1/21,2.77550781692178,0.008135726809513046,2.956751683457096
9/2/21,2.759917994641981,0.007732326598407649,2.9378703416045373
9/3/21,2.743837649515137,0.007327507349699775,2.9181647971331026
9/4/21,2.7273422465946395,0.0069224017969907155,2.89769674503281
9/5/21,2.71050725093388,0.00651814267388178,2.8765278802936805
9/6/21,2.69340812758625,0.00611586271397426,2.854719897905732
9/7/21,2.6761203416051416,0.005716694650869462,2.8323344928589855
9/8/21,2.6587193580439457,0.005321771218168682,2.809433360143459
9/9/21,2.6412806419560537,0.004932225149473223,2.7860781947491726
9/10/21,2.623879658394858,0.004549189178384383,2.7623306916661456
9/11/21,2.6065918724137496,0.004173796038503465,2.7382525458843974
9/12/21,2.58949274906612,0.003807178463431766,2.7139054523939476
9/13/21,2.5726577534053603,0.0034504691867705876,2.689351106184816
9/14/21,2.556162350484863,0.0031048009421212296,2.664651202247021
9/15/21,2.5400820053580184,0.0027713064630849917,2.6398674355705825
9/16/21,2.524492183078219,0.0024511184832631747,2.6150615011455196
9/17/21,2.5094683486988565,0.002145369736257079,2.590295093961853
9/18/21,2.495085967273322,0.0018551929556680042,2.5656299090096004
9/19/21,2.4814205038550066,0.0015817208750972507,2.541127641278783
9/20/21,2.4685474234973017,0.001326086228146118,2.516849985759418
9/21/21,2.4565421912536003,0.0010894217484159075,2.492858637441527
9/22/21,2.445480272177292,0.0008728601695079177,2.469215291315128
9/23/21,2.43543713132177,0.0006775342250234517,2.4459816423702416
9/24/21,2.426488233740425,0.0005045766485638047,2.423219385596886
9/25/21,2.418709044486649,0.00035512017373028233,2.4009902159850816
9/26/21,2.4121750286138326,0.00023029753412418148,2.3793558285248473
9/27/21,2.4069616511753678,0.00013124146334680085,2.3583779182062026
9/28/21,2.403144377224647,5.9084694999444326e-05,2.3381181800191664
9/29/21,2.40079867181506,1.4959962683410571e-05,2.3186383089537594
9/30/21,2.4,0.0,2.3
10/1/21,2.40149416909621,4.4825072886297385e-05,2.2816606431686166
10/2/21,2.405830903790087,0.00017492711370262394,2.2630593918636985
10/3/21,2.412791545189504,0.00038374635568513127,2.244230586165304
10/4/21,2.422157434402332,0.000664723032069971,2.225208566153493
10/5/21,2.433709912536443,0.0010112973760932947,2.2060276719083256
10/6/21,2.4472303206997084,0.001416909620991254,2.186722243509861
10/7/21,2.4625,0.0018750000000000006,2.167326621038159
10/8/21,2.479300291545189,0.0023790087463556858,2.1478751445732795
10/9/21,2.4974125364431483,0.0029223760932944615,2.128402154195281
10/10/21,2.516618075801749,0.003498542274052479,2.108941989984223
10/11/21,2.5366982507288625,0.0041009475218658905,2.089528992020166
10/12/21,2.5574344023323614,0.004723032069970847,2.07019750038317
10/13/21,2.5786078717201164,0.0053582361516035,2.0509818551532923
10/14/21,2.5999999999999996,0.006000000000000002,2.0319163964105944
10/15/21,2.6213921282798833,0.006641763848396503,2.0130354642351356
10/16/21,2.6425655976676383,0.007276967930029157,1.994373398706975
10/17/21,2.663301749271137,0.007899052478134114,1.9759645399061725
10/18/21,2.6833819241982506,0.008501457725947525,1.957843227912787
10/19/21,2.702587463556851,0.009077623906705544,1.9400438028068792
10/20/21,2.72069970845481,0.009620991253644318,1.9226006046685076
10/21/21,2.7375,0.010125000000000002,1.9055479735777323
10/22/21,2.7527696793002914,0.01058309037900875,1.888920249614613
10/23/21,2.7662900874635565,0.010988702623906709,1.8727517728592082
10/24/21,2.777842565597667,0.011335276967930033,1.857076883391579
10/25/21,2.7872084548104956,0.011616253644314872,1.8419299212917837
10/26/21,2.7941690962099126,0.011825072886297382,1.8273452266398824
10/27/21,2.79850583090379,0.011955174927113708,1.8133571395159347
10/28/21,2.8,0.012,1.8
10/29/21,2.793585070710016,0.01198396267677504,1.786701555871359
10/30/21,2.775273363464062,0.011938183408660154,1.7729555525204854
10/31/21,2.7464644991981335,0.011866161247995334,1.758895326444227
11/1/21,2.7085580988482283,0.011771395247120573,1.7446542141394328
11/2/21,2.6629537833503423,0.011657384458375856,1.7303655521029502
11/3/21,2.611051173640472,0.011527627934101182,1.7161626768316276
11/4/21,2.5542498906546145,0.011385624726636536,1.702178924822314
11/5/21,2.493949555328765,0.011234873888321914,1.6885476325718574
11/6/21,2.431549788598921,0.011078874471497302,1.6754021365771057
11/7/21,2.368450211401079,0.010921125528502697,1.6628757733349075
11/8/21,2.3060504446712344,0.010765126111678087,1.6511018793421113
11/9/21,2.2457501093453853,0.010614375273363464,1.640213791095565
11/10/21,2.1889488263595274,0.010472372065898818,1.6303448450921172
11/11/21,2.137046216649657,0.010342615541624143,1.621628377828616
11/12/21,2.091441901151771,0.01022860475287943,1.6141977258019098
11/13/21,2.053535500801866,0.010133838752004666,1.6081862255088466
11/14/21,2.024726636535938,0.010061816591339846,1.6037272134462752
11/15/21,2.006414929289984,0.01001603732322496,1.6009540261110433
11/16/21,2.0,0.01,1.6
11/17/21,2.004663936236208,0.010014499999999999,1.6021750000000001
11/18/21,2.0180422846845785,0.010055999999999999,1.6084
11/19/21,2.039214854954729,0.0101215,1.618225
11/20/21,2.067261456656278,0.010208,1.6312000000000002
11/21/21,2.1012618993988452,0.0103125,1.646875
11/22/21,2.1402959927920477,0.010432,1.6648
11/23/21,2.1834435464455044,0.0105635,1.684525
11/24/21,2.2297843699688347,0.010704000000000002,1.7056
11/25/21,2.278398272971656,0.0108505,1.7275749999999999
11/26/21,2.3283650650635868,0.011,1.75
11/27/21,2.3787645558542456,0.011149500000000001,1.7724250000000001
11/28/21,2.4286765549532516,0.011296,1.7944
11/29/21,2.477180871970223,0.0114365,1.815475
11/30/21,2.523357316514778,0.011568,1.8352
12/1/21,2.566285698196535,0.011687500000000002,1.853125
12/2/21,2.605045826625113,0.011792,1.8687999999999998
12/3/21,2.63871751141013,0.0118785,1.8817749999999998
12/4/21,2.666380562161204,0.011944000000000001,1.8916
12/5/21,2.687114788487955,0.011985500000000001,1.8978249999999997
12/6/21,2.7,0.012,1.9
12/7/21,2.7085858476085694,0.011993306205127282,1.8995537470084853
12/8/21,2.7170357688472344,0.011973471596356972,1.8982314397571312
12/9/21,2.725350253259128,0.01194086633746083,1.8960577558307221
12/10/21,2.7335297903873825,0.011895860592210624,1.8930573728140416
12/11/21,2.7415748697751314,0.011838824524378112,1.889254968291874
12/12/21,2.749485980965508,0.01177012829773506,1.884675219849004
12/13/21,2.7572636135016433,0.011690142076053232,1.8793428050702154
12/14/21,2.7649082569266703,0.011599236023104389,1.8732824015402925
12/15/21,2.7724204007837234,0.011497780302660295,1.8665186868440196
12/16/21,2.7798005346159336,0.011386145078492714,1.859076338566181
12/17/21,2.7870491479664334,0.011264700514373407,1.8509800342915603
12/18/21,2.794166730378358,0.011133816774074141,1.8422544516049426
12/19/21,2.8011537713948367,0.010993864021366677,1.8329242680911118
12/20/21,2.8080107605590046,0.010845212420022775,1.8230141613348516
12/21/21,2.814738187413994,0.010688232133814203,1.8125488089209467
12/22/21,2.821336541502937,0.010523293326512723,1.8015528884341816
12/23/21,2.827806312368966,0.010350766161890098,1.7900510774593397
12/24/21,2.8341479895552153,0.01017102080371809,1.778068053581206
12/25/21,2.8403620626048167,0.009984427415768464,1.7656284943845642
12/26/21,2.8464490210609026,0.009791356161812979,1.7527570774541985
12/27/21,2.8524093544666056,0.009592177205623404,1.7394784803748935
12/28/21,2.85824355236506,0.0093872607109715,1.7258173807314332
12/29/21,2.8639521042993965,0.00917697684162903,1.7117984561086017
12/30/21,2.8695354998127485,0.008961695761367756,1.6974463840911835
12/31/21,2.8749942284482493,0.008741787633959441,1.6827858422639626
1/1/22,2.880328779749031,0.00851762262317585,1.6678415082117233
1/2/22,2.8855396432582268,0.008289570892788747,1.6526380595192496
1/3/22,2.8906273085189684,0.008058002606569893,1.637200173771326
1/4/22,2.89559226507439,0.007823287928291052,1.6215525285527368
1/5/22,2.9004350024676233,0.007585797021723987,1.6057198014482659
1/6/22,2.905156010241801,0.007345900050640461,1.5897266700426973
1/7/22,2.9097557779400565,0.007103967178812237,1.5735978119208158
1/8/22,2.914234795105522,0.006860368570011079,1.557357904667405
1/9/22,2.9185935512813304,0.006615474388008751,1.5410316258672498
1/10/22,2.922832536010614,0.006369654796577013,1.5246436531051342
1/11/22,2.926952238836506,0.006123279959487631,1.5082186639658421
1/12/22,2.9309531493021392,0.005876720040512368,1.4917813360341579
1/13/22,2.9348357569506454,0.005630345203422987,1.4753563468948656
1/14/22,2.938600551325159,0.005384525611991249,1.4589683741327502
1/15/22,2.942248021968811,0.005139631429988922,1.4426420953325947
1/16/22,2.945778658424735,0.0048960328211877634,1.4264021880791842
1/17/22,2.9491929502360636,0.004654099949359539,1.4102733299573025
1/18/22,2.9524913869459297,0.004414202978276014,1.3942801985517344
1/19/22,2.955674458097465,0.004176712071708948,1.378447471447263
1/20/22,2.9587426532338035,0.003941997393430107,1.3627998262286738
1/21/22,2.961696461898078,0.0037104291072112532,1.34736194048075
1/22/22,2.9645363736334196,0.00348237737682415,1.3321584917882765
1/23/22,2.967262877982962,0.003258212366040558,1.3172141577360372
1/24/22,2.969876464489839,0.0030383042386322445,1.3025536159088162
1/25/22,2.9723776226971816,0.00282302315837097,1.2882015438913978
1/26/22,2.9747668421481235,0.0026127392890284984,1.2741826192685668
1/27/22,2.977044612385797,0.0024078227943765945,1.2605215196251063
1/28/22,2.979211422953335,0.0022086438381870212,1.2472429225458015
1/29/22,2.98126776339387,0.0020155725842315383,1.2343715056154356
1/30/22,2.9832141232505345,0.0018289791962819105,1.2219319464187939
1/31/22,2.9850509920664616,0.0016492338381099009,1.20994892254066
2/1/22,2.9867788593847844,0.0014767066734872776,1.1984471115658184
2/2/22,2.988398214748635,0.0013117678661857968,1.1874511910790528
2/3/22,2.989909547701146,0.0011547875799772234,1.1769858386651482
2/4/22,2.991313347785451,0.0010061359786333254,1.1670757319088882
2/5/22,2.992610104544682,0.0008661832259258592,1.1577455483950572
2/6/22,2.9938003075219717,0.0007352994856265928,1.1490199657084395
2/7/22,2.9948844462604534,0.0006138549215072842,1.140923661433819
2/8/22,2.9958630103032586,0.000502219697339705,1.1334813131559802
2/9/22,2.9967364891935206,0.00040076397689561144,1.1267175984597073
2/10/22,2.9975053724743734,0.0003098579239467665,1.1206571949297843
2/11/22,2.998170149688948,0.0002298717022649402,1.115324780150996
2/12/22,2.998731310380378,0.0001611754756218886,1.1107450317081258
2/13/22,2.9991893440917963,0.00010413940778937827,1.1069426271859584
2/14/22,2.9995447403663342,5.913366253916877e-05,1.1039422441692779
2/15/22,2.999797988747126,2.652840364303008e-05,1.1017685602428682
2/16/22,2.999949578777304,6.693794872714848e-06,1.1004462529915142
2/17/22,3.0,0.0,1.1
2/18/22,2.999519533527697,2.882798833819242e-05,1.1021620991253644
2/19/22,2.9981154518950435,0.0001130728862973761,1.1084804664723034
2/20/22,2.9958437317784257,0.00024937609329446064,1.1187032069970846
2/21/22,2.9927603498542275,0.0004343790087463557,1.1325784256559768
2/22/22,2.9889212827988336,0.0006647230320699708,1.149854227405248
2/23/22,2.98438250728863,0.0009370495626822158,1.1702787172011662
2/24/22,2.9792,0.001248,1.1936
2/25/22,2.9734297376093295,0.0015942157434402332,1.2195661807580176
2/26/22,2.967127696793003,0.0019723381924198254,1.247925364431487
2/27/22,2.960349854227405,0.002379008746355685,1.2784256559766765
2/28/22,2.9531521865889214,0.002810868804664723,1.3108151603498543
3/1/22,2.9455906705539356,0.003264559766763849,1.3448419825072886
3/2/22,2.9377212827988335,0.003736723032069971,1.3802542274052478
3/3/22,2.9295999999999998,0.004224,1.4168
3/4/22,2.9212827988338192,0.004723032069970845,1.4542274052478135
3/5/22,2.9128256559766763,0.005230460641399417,1.4922845481049563
3/6/22,2.904284548104956,0.005742927113702624,1.5307195335276966
3/7/22,2.8957154518950436,0.0062570728862973764,1.5692804664723032
3/8/22,2.8871743440233235,0.006769539358600583,1.6077154518950434
3/9/22,2.8787172011661806,0.007276967930029154,1.6457725947521866
3/10/22,2.8704,0.007775999999999999,1.6832000000000003
3/11/22,2.862278717201166,0.00826327696793003,1.7197457725947523
3/12/22,2.854409329446064,0.008735440233236151,1.755158017492711
3/13/22,2.846847813411079,0.009189131195335279,1.7891848396501457
3/14/22,2.8396501457725947,0.009620991253644313,1.8215743440233236
3/15/22,2.832872303206997,0.010027661807580177,1.8520746355685127
3/16/22,2.8265702623906703,0.010405784256559766,1.8804338192419823
3/17/22,2.8207999999999998,0.010752000000000001,1.9063999999999997
3/18/22,2.81561749271137,0.011062950437317783,1.9297212827988335
3/19/22,2.811078717201166,0.011335276967930028,1.950145772594752
3/20/22,2.8072396501457724,0.011565620991253644,1.967421574344023
3/21/22,2.804156268221574,0.011750623906705539,1.9812967930029153
3/22/22,2.8018845481049564,0.011886927113702626,1.9915195335276967
3/23/22,2.800480466472303,0.011971172011661809,1.9978379008746356
3/24/22,2.8,0.012,2.0
3/25/22,2.8,0.011967609984138912,1.9975707488104184
3/26/22,2.8,0.011873111278069956,1.9904833458552467
3/27/22,2.8,0.011720510894064614,1.979038317054846
3/28/22,2.8,0.011513815844394357,1.9635361883295768
3/29/22,2.8,0.011257033141330662,1.9442774855997997
3/30/22,2.8,0.010954169797145004,1.9215627347858752
3/31/22,2.8,0.010609232824108857,1.8956924618081643
4/1/22,2.8,0.010226229234493697,1.8669671925870273
4/2/22,2.8,0.009809166040570999,1.835687453042825
4/3/22,2.8,0.009362050254612238,1.8021537690959177
4/4/22,2.8,0.008888888888888889,1.7666666666666666
4/5/22,2.8,0.008393688955672426,1.729526671675432
4/6/22,2.8,0.007880457467234326,1.6910343100425744
4/7/22,2.8,0.007353201435846064,1.6514901076884547
4/8/22,2.8,0.006815927873779114,1.6111945905334335
4/9/22,2.8,0.006272643793304951,1.5704482844978713
4/10/22,2.8,0.00572735620669505,1.5295517155021288
4/11/22,2.8,0.005184072126220886,1.4888054094665666
4/12/22,2.8,0.004646798564153936,1.4485098923115451
4/13/22,2.8,0.004119542532765674,1.4089656899574257
4/14/22,2.8,0.003606311044327573,1.370473328324568
4/15/22,2.8,0.0031111111111111114,1.3333333333333335
4/16/22,2.8,0.0026379497453877625,1.2978462309040821
4/17/22,2.8,0.002190833959429001,1.264312546957175
4/18/22,2.8,0.0017737707655063033,1.2330328074129728
4/19/22,2.8,0.0013907671758911413,1.204307538191836
4/20/22,2.8,0.001045830202854996,1.1784372652141248
4/21/22,2.8,0.0007429668586693399,1.1557225144002006
4/22/22,2.8,0.00048618415560564357,1.1364638116704235
4/23/22,2.8,0.0002794891059353863,1.1209616829451543
4/24/22,2.8,0.00012688872193004214,1.1095166541447536
4/25/22,2.8,3.2390015861090415e-05,1.102429251189582
4/26/22,2.8,0.0,1.1
4/27/22,2.8,7.457103524229074e-05,1.1086367277140337
4/28/22,2.8,0.000288374449339207,1.133623389232127
4/29/22,2.8,0.0006265457048458149,1.17357470211827
4/30/22,2.8,0.0010742202643171804,1.2271053839364519
5/1/22,2.8,0.0016165335903083698,1.292830152250662
5/2/22,2.8,0.002238621145374449,1.3693637246248898
5/3/22,2.8,0.002925618392070484,1.4553208186231243
5/4/22,2.8,0.0036626607929515415,1.5493161518093557
5/5/22,2.8,0.004434883810572687,1.649964441747573
5/6/22,2.8,0.0052274229074889865,1.7558804060017654
5/7/22,2.8,0.006025413546255506,1.8656787621359223
5/8/22,2.8,0.006813991189427313,1.9779742277140333
5/9/22,2.8,0.007578291299559471,2.0913815203000885
5/10/22,2.8,0.008303449339207049,2.2045153574580763
5/11/22,2.8,0.008974600770925111,2.315990456751986
5/12/22,2.8,0.009576881057268723,2.4244215357458074
5/13/22,2.8,0.010095425660792951,2.5284233120035307
5/14/22,2.8,0.010515370044052865,2.626610503089144
5/15/22,2.8,0.010821849669603527,2.717597826566637
5/16/22,2.8,0.011,2.8
5/17/22,2.8134765625,0.011100961040954361,2.881160208827504
5/18/22,2.8515624999999996,0.01118715892147191,2.9683123138239185
5/19/22,2.9107421875,0.011260658289047551,3.0599070455579764
5/20/22,2.9875,0.011323523791176194,3.154395134598411
5/21/22,3.0783203125,0.011377820075352742,3.250227311513956
5/22/22,3.1796875,0.011425611789072103,3.345854306873345
5/23/22,3.2880859375,0.011468963579829185,3.439726851245311
5/24/22,3.4000000000000004,0.011509940095118897,3.5302956751985883
5/25/22,3.5119140625,0.011550605982436141,3.616011509301909
5/26/22,3.6203125,0.011593025889275826,3.6953250841240073
5/27/22,3.7216796875,0.011639264463132862,3.766687130233617
5/28/22,3.8125,0.011691386351502152,3.828548378199471
5/29/22,3.8892578125,0.011751456201878603,3.879359558590302
5/30/22,3.9484375,0.011821538661757123,3.917571401974845
5/31/22,3.9865234375000007,0.01190369837863262,3.9416346389218337
6/1/22,4.0,0.012,3.95
6/2/22,3.932466512,0.012163287,3.870720457
6/3/22,3.866073218,0.012328796,3.793032116
6/4/22,3.800800866,0.012496557,3.716903039
6/5/22,3.736630532,0.012666601,3.642301932
6/6/22,3.673543609,0.012838958,3.569198126
6/7/22,3.611521806,0.013013661,3.497561571
6/8/22,3.55054714,0.013190741,3.427362815
6/9/22,3.490601932,0.013370231,3.358573004
6/10/22,3.431668802,0.013552163,3.291163856
6/11/22,3.373730661,0.013736571,3.225107662
6/12/22,3.316770712,0.013923488,3.160377267
6/13/22,3.260772438,0.014112948,3.096946061
6/14/22,3.205719605,0.014304987,3.034787968
6/15/22,3.151596248,0.014499638,2.973877435
6/16/22,3.098386677,0.014696938,2.914189424
6/17/22,3.046075462,0.014896923,2.855699398
6/18/22,2.994647438,0.01509963,2.798383311
6/19/22,2.944087691,0.015305094,2.742217602
6/20/22,2.894381564,0.015513354,2.687179182
6/21/22,2.845514644,0.015724448,2.633245426
6/22/22,2.797472762,0.015938415,2.580394162
6/23/22,2.750241989,0.016155293,2.528603663
6/24/22,2.70380863,0.016375122,2.47785264
6/25/22,2.658159224,0.016597942,2.428120229
6/26/22,2.613280533,0.016823795,2.379385985
6/27/22,2.569159546,0.01705272,2.331629875
6/28/22,2.52578347,0.017284761,2.284832268
6/29/22,2.483139728,0.017519959,2.238973924
6/30/22,2.441215957,0.017758358,2.194035993
